{"cameraMode":{"drawMode":0,"name":"Shaded","section":"Shading Mode"},"sceneLighting":false,"audioPlay":false,"sceneViewState":{"m_AlwaysRefresh":false,"showFog":true,"showSkybox":false,"showFlares":true,"showImageEffects":true,"showParticleSystems":true,"showVisualEffectGraphs":true,"m_FxEnabled":false},"in2DMode":false,"pivot":{"x":4.923219203948975,"y":0.3429431915283203,"z":-1.021498680114746},"rotation":{"x":0.2418728619813919,"y":0.03928475081920624,"z":-0.009801228530704975,"w":0.9694633483886719},"size":7.0473175048828129,"orthographic":false}